"Estacion","Fecha inicial","Fecha final","P","VViento","O3","DViento","PLiquida","PM2.5","PM10","RGlobal","HAire10","CO","TAire10","NO2","SO2"
"ESTACION SAN ANTONIO MONITOREO CONTINUO","2022-11-08","","591.925","0.82916667","27.25625","160.3125","2.45416667","6.83888889","17.25555556","143.5","92.5","850.51764706","15.32083333","",""
"ESTACION SAN ANTONIO MONITOREO CONTINUO","2022-11-07","","591.00833333","0.75416667","20.5125","161.25","0.075","8.32916667","17.18333333","148.91666667","92.66666667","989.325","16.07916667","4.08461538","3.015"
"ESTACION SAN ANTONIO MONITOREO CONTINUO","2022-11-06","","590.325","1.07083333","23.70833333","218.4375","0.15416667","5.91304348","12.97826087","152.58333333","91.125","922.50416667","16.3875","8.66153846","3.11"
"ESTACION SAN ANTONIO MONITOREO CONTINUO","2022-11-05","","590.11666667","1.12083333","23.65","229.6875","0.275","4.925","16.59166667","151.875","88.04166667","895.89583333","16.55833333","4.84210526","2.915"
"ESTACION SAN ANTONIO MONITOREO CONTINUO","2022-11-04","","590.2375","1.275","25.91304348","243.75","0.0375","5.75263158","15.35789474","136.04166667","90.29166667","961.40833333","16.64583333","",""
"ESTACION SAN ANTONIO MONITOREO CONTINUO","2022-11-03","","589.86666667","0.4375","27.63571429","187.5","0.3125","","","153.04166667","91.66666667","1223.93125","16.75416667","15.96428571","2.5"
"ESTACION SAN ANTONIO MONITOREO CONTINUO","2022-11-02","","590.34166667","1.24166667","","137.8125","0.18125","","","198.875","90.20833333","","17.1375","",""
"ESTACION SAN ANTONIO MONITOREO CONTINUO","2022-11-01","","590.64583333","1.20416667","","109.6875","0.03166667","","","208.25","87.04166667","","16.94583333","",""
"ESTACION SAN ANTONIO MONITOREO CONTINUO","2022-10-31","","589.625","1.1375","","114.375","0.0","","","197.125","88.25","","16.7","",""
"ESTACION SAN ANTONIO MONITOREO CONTINUO","2022-10-30","","589.78333333","0.83333333","","139.6875","0.0125","","","172.70833333","88.83333333","","16.25833333","",""
"ESTACION SAN ANTONIO MONITOREO CONTINUO","2022-10-29","","591.1875","1.2375","","136.875","0.73333333","","","220.58333333","91.33333333","","16.06666667","",""
"ESTACION SAN ANTONIO MONITOREO CONTINUO","2022-10-28","","591.175","0.30416667","","123.75","1.57916667","","","86.41666667","98.20833333","","15.26666667","",""
"ESTACION SAN ANTONIO MONITOREO CONTINUO","2022-10-27","","589.7125","0.675","","184.6875","0.95833333","","","152.41666667","94.25","","16.24166667","",""
"ESTACION SAN ANTONIO MONITOREO CONTINUO","2022-10-26","","589.47083333","0.41666667","14.22857143","156.5625","0.35833333","7.555","15.43","88.125","95.375","928.92857143","15.99166667","6.06111111","4.00909091"
"ESTACION SAN ANTONIO MONITOREO CONTINUO","2022-10-25","","590.2875","0.7","17.0","175.3125","0.06333333","7.9625","19.90416667","200.54166667","90.16666667","806.38695652","17.18333333","14.0625","9.31904762"
"ESTACION SAN ANTONIO MONITOREO CONTINUO","2022-10-24","","590.73333333","0.54166667","25.45416667","196.875","0.46458333","6.3173913","14.43478261","95.375","96.33333333","805.77083333","15.62916667","13.75217391","14.60833333"
"ESTACION SAN ANTONIO MONITOREO CONTINUO","2022-10-23","","590.35833333","","29.07","","","9.58333333","16.74347826","","","832.70869565","","14.605","14.54166667"
"ESTACION SAN ANTONIO MONITOREO CONTINUO","2022-10-22","","589.9375","","26.7","","","8.0375","16.36666667","","","786.22083333","","13.27222222","15.15"
"ESTACION SAN ANTONIO MONITOREO CONTINUO","2022-10-21","","590.89583333","","15.72","","","12.37272727","22.58181818","","","912.0","","9.27894737","15.48333333"
"ESTACION SAN ANTONIO MONITOREO CONTINUO","2022-10-20","","591.1625","","23.81818182","","","8.3125","18.75833333","","","1289.83333333","","16.325","15.81666667"
"ESTACION SAN ANTONIO MONITOREO CONTINUO","2022-10-19","","590.80833333","","30.76875","","","6.3875","16.75416667","","","1241.11176471","","11.35294118","15.45333333"
"ESTACION SAN ANTONIO MONITOREO CONTINUO","2022-10-18","","590.29166667","","27.84583333","","","6.94090909","19.88636364","","","362.46666667","","8.43","15.03181818"
"ESTACION SAN ANTONIO MONITOREO CONTINUO","2022-10-17","","589.4125","","34.27916667","","","7.0625","14.51666667","","","333.02","","7.83571429","14.92916667"
"ESTACION SAN ANTONIO MONITOREO CONTINUO","2022-10-16","","589.49583333","1.05416667","33.82916667","117.1875","0.075","10.97916667","19.76666667","194.91666667","87.04166667","385.16","17.31666667","7.48333333","15.03181818"
"ESTACION SAN ANTONIO MONITOREO CONTINUO","2022-10-15","","590.19166667","0.95833333","30.15652174","147.1875","0.06666667","16.20434783","28.45217391","163.29166667","88.70833333","327.02272727","16.95833333","9.98125","14.975"
"ESTACION SAN ANTONIO MONITOREO CONTINUO","2022-10-14","","590.875","0.91666667","23.5","141.5625","0.06666667","","","140.625","92.16666667","759.2","16.0125","19.84285714","27.125"
"ESTACION SAN ANTONIO MONITOREO CONTINUO","2022-10-13","","590.78333333","0.79166667","","136.875","0.275","","","156.0","88.83333333","","16.10416667","",""
"ESTACION SAN ANTONIO MONITOREO CONTINUO","2022-10-12","","590.77083333","0.9875","","190.3125","0.0","","","169.0","86.75","","16.425","",""
"ESTACION SAN ANTONIO MONITOREO CONTINUO","2022-10-11","","590.9125","1.2","","122.8125","0.0","","","242.875","86.33333333","","17.19583333","",""
"ESTACION SAN ANTONIO MONITOREO CONTINUO","2022-10-10","","590.625","1.1875","","134.0625","0.10833333","","","235.45833333","86.125","","17.33333333","",""
"ESTACION SAN ANTONIO MONITOREO CONTINUO","2022-10-09","","590.3173913","","","","","","","","","","","",""
"ESTACION SAN ANTONIO MONITOREO CONTINUO","2022-10-08","","589.99130435","0.9125","","174.375","0.15833333","","","139.08333333","90.83333333","","15.92916667","",""
"ESTACION SAN ANTONIO MONITOREO CONTINUO","2022-10-07","","589.4","0.61666667","","125.625","1.24833333","","","143.125","92.91666667","","16.21666667","",""
"ESTACION SAN ANTONIO MONITOREO CONTINUO","2022-10-06","","592.3125","0.6","","103.125","0.815","","","146.66666667","93.16666667","","15.74583333","",""
"ESTACION SAN ANTONIO MONITOREO CONTINUO","2022-10-05","","596.51666667","0.7875","","159.375","0.1","","","","91.625","","15.7","",""
"ESTACION SAN ANTONIO MONITOREO CONTINUO","2022-10-04","","595.17083333","1.29166667","","139.6875","0.19166667","","","","86.04166667","","17.575","",""
"ESTACION SAN ANTONIO MONITOREO CONTINUO","2022-10-03","","596.29583333","1.525","","106.875","0.0","","","","79.58333333","","18.02916667","",""
"ESTACION SAN ANTONIO MONITOREO CONTINUO","2022-10-02","","597.55833333","1.4","","104.0625","0.0","","","","82.16666667","","17.57083333","",""
"ESTACION SAN ANTONIO MONITOREO CONTINUO","2022-10-01","","597.3875","0.95833333","","139.6875","0.10833333","","","","90.83333333","","15.7625","",""
"ESTACION SAN ANTONIO MONITOREO CONTINUO","2022-09-30","","596.18333333","0.75416667","","153.75","0.02083333","","","","91.66666667","","15.6","",""
"ESTACION SAN ANTONIO MONITOREO CONTINUO","2022-09-29","","596.02083333","0.65833333","","141.5625","0.0","","","","91.08333333","","16.25416667","",""
"ESTACION SAN ANTONIO MONITOREO CONTINUO","2022-09-28","","596.71666667","0.62916667","","155.625","0.475","","","","89.83333333","","16.44583333","",""
"ESTACION SAN ANTONIO MONITOREO CONTINUO","2022-09-27","","596.41666667","1.1375","","100.3125","0.06666667","","","","82.83333333","","17.3625","",""
"ESTACION SAN ANTONIO MONITOREO CONTINUO","2022-09-26","","595.36666667","1.5","","115.3125","0.025","","","","84.29166667","","17.5","",""
"ESTACION SAN ANTONIO MONITOREO CONTINUO","2022-09-25","","595.24583333","0.89166667","","152.8125","0.06666667","","","","87.25","","16.9875","",""
"ESTACION SAN ANTONIO MONITOREO CONTINUO","2022-09-24","","596.025","0.7625","","183.75","0.41666667","","","","89.33333333","","16.37916667","",""
"ESTACION SAN ANTONIO MONITOREO CONTINUO","2022-09-23","","596.85416667","1.04166667","","191.25","0.17083333","","","","86.91666667","","16.75","",""
"ESTACION SAN ANTONIO MONITOREO CONTINUO","2022-09-22","","597.0625","1.08333333","","121.875","0.3375","","","","90.0","","15.72083333","",""
"ESTACION SAN ANTONIO MONITOREO CONTINUO","2022-09-21","","596.6","1.12916667","","126.5625","0.1625","","","","89.125","","16.35833333","",""
"ESTACION SAN ANTONIO MONITOREO CONTINUO","2022-09-20","","","0.93333333","","166.875","0.73333333","","","","89.58333333","","15.82083333","",""
"ESTACION SAN ANTONIO MONITOREO CONTINUO","2022-09-19","","","0.52083333","","150.9375","0.25416667","","","","90.79166667","","15.68333333","",""
"ESTACION SAN ANTONIO MONITOREO CONTINUO","2022-09-18","","","1.0375","","125.625","0.63333333","","","","90.04166667","","16.325","",""
"ESTACION SAN ANTONIO MONITOREO CONTINUO","2022-09-17","","","1.1875","","134.0625","0.03333333","","","","87.41666667","","16.95","",""
"ESTACION SAN ANTONIO MONITOREO CONTINUO","2022-09-16","","","1.24166667","","120.0","1.10083333","","","","87.83333333","","16.82083333","",""
"ESTACION SAN ANTONIO MONITOREO CONTINUO","2022-09-15","","","1.25","","112.5","0.04208333","","","","86.45833333","","17.43333333","",""
"ESTACION SAN ANTONIO MONITOREO CONTINUO","2022-09-14","","","0.6","","160.3125","0.63416667","","","","92.83333333","","15.325","",""
"ESTACION SAN ANTONIO MONITOREO CONTINUO","2022-09-13","","","0.77916667","","149.0625","1.355","","","","88.83333333","","16.07083333","",""
"ESTACION SAN ANTONIO MONITOREO CONTINUO","2022-09-12","","","0.9125","","120.9375","0.4975","","","210.66666667","87.58333333","","16.3625","",""
"ESTACION SAN ANTONIO MONITOREO CONTINUO","2022-09-11","","","1.43333333","38.97083333","103.125","0.05833333","10.6375","20.4375","249.95833333","78.95833333","943.18333333","18.70416667","9.94444444","1.88888889"
"ESTACION SAN ANTONIO MONITOREO CONTINUO","2022-09-10","","","1.2375","41.38333333","85.3125","0.23333333","12.09583333","20.17916667","248.29166667","85.45833333","937.8375","18.3375","9.41666667","2.07777778"
"ESTACION SAN ANTONIO MONITOREO CONTINUO","2022-09-09","","595.87916667","1.225","44.44166667","148.125","0.36","10.1125","18.95","252.08333333","87.625","940.39583333","17.89583333","10.30526316","1.94666667"
"ESTACION SAN ANTONIO MONITOREO CONTINUO","2022-09-08","","595.40416667","1.24583333","52.325","122.8125","0.58166667","10.4625","18.3625","220.45833333","83.79166667","853.8","18.46666667","8.875","1.63846154"
"ESTACION SAN ANTONIO MONITOREO CONTINUO","2022-09-07","","596.03333333","1.4","58.52083333","82.5","0.10541667","20.39583333","29.27916667","254.41666667","82.95833333","945.92916667","19.26666667","11.41538462","1.53333333"
"ESTACION SAN ANTONIO MONITOREO CONTINUO","2022-09-06","","596.97916667","1.55","63.71666667","118.125","0.3175","22.01666667","31.075","281.54166667","82.08333333","961.48333333","19.09583333","10.39230769","1.92"
"ESTACION SAN ANTONIO MONITOREO CONTINUO","2022-09-05","","597.19583333","1.51666667","50.29565217","122.8125","0.0","21.86190476","31.96666667","268.375","84.83333333","995.96086957","17.68636364","9.78333333","3.1125"
"ESTACION SAN ANTONIO MONITOREO CONTINUO","2022-09-04","","595.3875","0.8","35.625","227.8125","0.0125","11.82916667","20.38333333","124.08333333","88.29166667","942.0625","17.9625","5.83333333","2.15555556"
"ESTACION SAN ANTONIO MONITOREO CONTINUO","2022-09-03","","594.85","0.97083333","41.0375","143.4375","0.415","9.31666667","16.08333333","202.41666667","87.91666667","867.24166667","18.26666667","3.475","1.9"
"ESTACION SAN ANTONIO MONITOREO CONTINUO","2022-09-02","","595.52916667","1.00833333","37.92916667","87.1875","0.21166667","11.73333333","20.10416667","205.66666667","88.83333333","832.7375","18.20833333","3.83333333","1.86818182"
"ESTACION SAN ANTONIO MONITOREO CONTINUO","2022-09-01","","595.825","0.65833333","30.97083333","119.0625","0.0","14.82916667","26.025","109.45833333","91.625","964.20833333","17.1875","20.46","2.58947368"
"ESTACION SAN ANTONIO MONITOREO CONTINUO","2022-08-31","","596.07083333","1.19166667","40.67083333","99.375","0.52916667","12.7875","21.97916667","218.16666667","87.5","831.00833333","17.99166667","3.84","2.41111111"
"ESTACION SAN ANTONIO MONITOREO CONTINUO","2022-08-30","","596.15416667","1.4375","48.76666667","64.6875","0.02083333","11.75833333","20.125","282.29166667","83.25","830.05833333","18.8","3.5","2.41428571"
"ESTACION SAN ANTONIO MONITOREO CONTINUO","2022-08-29","","596.92916667","1.54166667","46.82916667","85.3125","0.58208333","11.89583333","18.16666667","230.91666667","89.08333333","755.1875","17.2375","7.35","2.375"
"ESTACION SAN ANTONIO MONITOREO CONTINUO","2022-08-28","","596.09130435","0.67826087","41.9","135.97826087","0.49130435","15.79166667","23.21666667","148.30434783","85.91304348","796.325","17.8625","","2.48333333"
"ESTACION SAN ANTONIO MONITOREO CONTINUO","2022-08-27","","595.35652174","0.79166667","36.65416667","171.5625","0.2375","18.94166667","31.59166667","163.91666667","85.54166667","932.86666667","17.97083333","1.73333333","1.68333333"
"ESTACION SAN ANTONIO MONITOREO CONTINUO","2022-08-26","","596.4","1.34583333","52.57083333","119.0625","0.06333333","25.2375","35.12916667","228.45833333","84.66666667","855.00833333","18.18333333","5.8","1.91428571"
"ESTACION SAN ANTONIO MONITOREO CONTINUO","2022-08-25","","596.6375","1.575","51.15833333","106.875","0.0","21.74166667","32.15416667","263.54166667","81.375","804.45","18.39583333","3.15","1.76666667"
"ESTACION SAN ANTONIO MONITOREO CONTINUO","2022-08-24","","596.65","1.425","46.22916667","105.0","0.0","22.42916667","33.94166667","281.16666667","82.70833333","881.97083333","17.61666667","2.85","2.1875"
"ESTACION SAN ANTONIO MONITOREO CONTINUO","2022-08-23","","596.05","0.85","29.4375","91.875","0.01041667","18.9125","30.09166667","207.54166667","87.625","868.375","17.15416667","2.58333333","2.13846154"
"ESTACION SAN ANTONIO MONITOREO CONTINUO","2022-08-22","","596.69583333","0.5125","25.10909091","179.0625","1.00541667","9.14166667","20.1875","123.79166667","92.66666667","801.05217391","16.65833333","11.04545455","2.19166667"
"ESTACION SAN ANTONIO MONITOREO CONTINUO","2022-08-21","","596.35833333","0.8","34.87916667","129.375","1.09583333","10.0","17.8125","123.54166667","93.375","659.59166667","16.70416667","6.075","1.92352941"
"ESTACION SAN ANTONIO MONITOREO CONTINUO","2022-08-20","","595.87083333","1.4","44.60416667","97.5","0.18","12.50416667","24.05833333","210.45833333","82.70833333","695.575","18.24583333","9.39333333","1.96666667"
"ESTACION SAN ANTONIO MONITOREO CONTINUO","2022-08-19","","595.01666667","1.30833333","44.14583333","124.6875","0.08458333","19.45416667","33.4","263.83333333","79.66666667","755.3","18.97083333","10.49285714","1.91578947"
"ESTACION SAN ANTONIO MONITOREO CONTINUO","2022-08-18","","594.925","1.225","38.57916667","100.3125","0.18","13.03333333","25.31666667","250.29166667","84.04166667","726.94166667","18.96666667","11.18461538","1.87058824"
"ESTACION SAN ANTONIO MONITOREO CONTINUO","2022-08-17","","595.6875","1.16666667","28.14166667","122.8125","0.0","12.50416667","24.5625","292.625","78.25","684.28333333","19.09583333","11.4","1.85"
"ESTACION SAN ANTONIO MONITOREO CONTINUO","2022-08-16","","597.05416667","1.15416667","30.99583333","104.0625","0.23291667","","","209.375","87.0","613.70833333","15.54166667","4.27777778","2.17"
"ESTACION SAN ANTONIO MONITOREO CONTINUO","2022-08-15","","596.10416667","1.30833333","30.80416667","135.0","0.60291667","6.4625","12.64166667","244.33333333","84.41666667","694.85833333","18.1","6.1","2.28666667"
"ESTACION SAN ANTONIO MONITOREO CONTINUO","2022-08-14","","596.59583333","1.41666667","34.70416667","131.25","0.60416667","11.60416667","18.90833333","267.16666667","86.66666667","722.8625","17.9875","7.55","1.7"
"ESTACION SAN ANTONIO MONITOREO CONTINUO","2022-08-13","","597.48636364","0.83333333","42.90833333","105.9375","0.28333333","18.91666667","28.1","156.08333333","88.33333333","686.54583333","17.4375","5.235","1.88333333"
"ESTACION SAN ANTONIO MONITOREO CONTINUO","2022-08-12","","597.08333333","1.40416667","42.85","126.5625","0.0","19.1875","31.72916667","262.41666667","81.16666667","663.76666667","18.35833333","6.24666667","1.9125"
"ESTACION SAN ANTONIO MONITOREO CONTINUO","2022-08-11","","596.14166667","1.30833333","38.35","121.875","0.0","12.27916667","23.11666667","217.66666667","77.08333333","708.45833333","18.87083333","15.80833333","1.52727273"
"ESTACION SAN ANTONIO MONITOREO CONTINUO","2022-08-10","","596.175","1.57083333","37.70833333","168.75","0.0","8.45833333","17.35","274.08333333","79.5","652.26666667","18.94166667","7.05333333","1.88333333"
"ESTACION SAN ANTONIO MONITOREO CONTINUO","2022-08-09","","595.4375","1.0875","35.30416667","151.875","0.29583333","11.575","19.37083333","207.08333333","86.125","649.67916667","18.42083333","8.96875","1.425"
"ESTACION SAN ANTONIO MONITOREO CONTINUO","2022-08-08","","","1.8","42.46521739","129.375","0.110625","9.125","17.9","383.9375","67.0","788.19565217","19.52916667","6.76428571","1.88"
"ESTACION SAN ANTONIO MONITOREO CONTINUO","2022-08-07","","","","31.50434783","","","12.12916667","20.9375","","","1030.37083333","18.7375","6.55","1.9"
"ESTACION SAN ANTONIO MONITOREO CONTINUO","2022-08-06","","","","30.46666667","","","10.99166667","18.35833333","","","1021.36666667","17.1375","10.57142857","1.57272727"
"ESTACION SAN ANTONIO MONITOREO CONTINUO","2022-08-05","","","","34.8875","","","11.0173913","18.69565217","","","966.15416667","17.9375","11.84285714","1.81428571"
"ESTACION SAN ANTONIO MONITOREO CONTINUO","2022-08-04","","","","28.73043478","","","7.92916667","15.38333333","","","946.76666667","18.3875","8.25454545","2.04"
"ESTACION SAN ANTONIO MONITOREO CONTINUO","2022-08-03","","","","33.0375","","","9.1625","17.16666667","","","968.32916667","18.125","6.86666667","1.96"
"ESTACION SAN ANTONIO MONITOREO CONTINUO","2022-08-02","","","","31.42083333","","","5.62083333","11.94583333","","","905.725","17.20416667","9.84166667","1.8375"
"ESTACION SAN ANTONIO MONITOREO CONTINUO","2022-08-01","","","","33.8625","","","4.65652174","11.32608696","","","909.57083333","17.9173913","9.15","1.85555556"
"ESTACION SAN ANTONIO MONITOREO CONTINUO","2022-07-31","","","","29.975","","","11.99565217","20.91304348","","","1041.96666667","17.925","6.78235294","1.86"
"ESTACION SAN ANTONIO MONITOREO CONTINUO","2022-07-30","","","","34.09166667","","","15.9375","26.23333333","","","972.95416667","19.04166667","9.17333333","2.4"
"ESTACION SAN ANTONIO MONITOREO CONTINUO","2022-07-29","","","","37.41666667","","","10.0625","16.775","","","929.40833333","18.1625","9.68181818","1.78333333"
"ESTACION SAN ANTONIO MONITOREO CONTINUO","2022-07-28","","","","35.72916667","","","6.4625","13.70833333","","","862.39583333","16.64583333","10.81764706","1.84444444"
"ESTACION SAN ANTONIO MONITOREO CONTINUO","2022-07-27","","","","27.27916667","","","8.67083333","15.85416667","","","916.49583333","17.44583333","7.12307692","2.075"
"ESTACION SAN ANTONIO MONITOREO CONTINUO","2022-07-26","","","","22.9375","","","11.13333333","19.35","","","904.1125","16.61666667","5.44705882","2.3"
"ESTACION SAN ANTONIO MONITOREO CONTINUO","2022-07-25","","","","32.27272727","","","4.56086957","10.77826087","","","799.24347826","16.98333333","7.66666667","1.82857143"
"ESTACION SAN ANTONIO MONITOREO CONTINUO","2022-07-24","","596.075","1.0875","29.8625","146.25","0.05416667","12.3875","20.72083333","202.91666667","87.29166667","846.275","17.51666667","8.475","2.08333333"
"ESTACION SAN ANTONIO MONITOREO CONTINUO","2022-07-23","","596.20416667","0.63333333","29.82083333","120.0","0.32291667","10.175","17.46666667","114.625","91.41666667","932.28333333","17.36666667","9.325","1.6125"
"ESTACION SAN ANTONIO MONITOREO CONTINUO","2022-07-22","","595.94166667","1.0125","24.71666667","85.3125","0.44458333","9.6375","16.21666667","174.83333333","88.5","898.18333333","17.78333333","9.94545455","1.3375"
"ESTACION SAN ANTONIO MONITOREO CONTINUO","2022-07-21","","594.92916667","1.59583333","36.93333333","96.5625","0.0425","13.17083333","22.2875","255.33333333","83.08333333","849.80833333","18.975","7.28888889","1.82857143"
"ESTACION SAN ANTONIO MONITOREO CONTINUO","2022-07-20","","594.7875","1.45833333","32.50833333","113.4375","0.02083333","13.864","23.41666667","253.75","82.79166667","895.55","19.0875","8.94444444","1.35"
"ESTACION SAN ANTONIO MONITOREO CONTINUO","2022-07-19","","595.74166667","1.44166667","32.32916667","167.8125","0.01041667","8.0375","16.21666667","275.58333333","80.79166667","886.59166667","19.06666667","7.33846154","1.78571429"
"ESTACION SAN ANTONIO MONITOREO CONTINUO","2022-07-18","","595.9625","1.60833333","35.00416667","104.0625","0.12666667","6.97083333","14.63333333","256.16666667","82.375","851.9125","19.06666667","7.06666667","1.775"
"ESTACION SAN ANTONIO MONITOREO CONTINUO","2022-07-17","","595.4375","1.12083333","31.40833333","157.5","0.25","9.25416667","17.58333333","235.08333333","84.08333333","870.21666667","18.55","4.6","1.91666667"
"ESTACION SAN ANTONIO MONITOREO CONTINUO","2022-07-16","","595.17083333","1.30833333","36.4","104.0625","0.09791667","14.71666667","27.95833333","249.04166667","84.20833333","910.55416667","19.0","10.03333333","1.65"
"ESTACION SAN ANTONIO MONITOREO CONTINUO","2022-07-15","","596.35833333","1.15833333","32.69130435","125.625","0.01041667","12.02173913","24.3173913","258.625","85.79166667","909.7125","18.74583333","17.05714286","1.8"
"ESTACION SAN ANTONIO MONITOREO CONTINUO","2022-07-14","","596.7","0.975","32.05416667","108.75","0.25375","8.49583333","17.00416667","183.70833333","87.08333333","811.89583333","18.31666667","7.83333333","1.75"
"ESTACION SAN ANTONIO MONITOREO CONTINUO","2022-07-13","","596.54583333","1.28333333","37.09166667","119.0625","0.33833333","6.85416667","15.44166667","221.91666667","83.0","857.35416667","18.30416667","11.15625","2.08"
"ESTACION SAN ANTONIO MONITOREO CONTINUO","2022-07-12","","596.03333333","1.34583333","29.91363636","110.625","0.0","8.49583333","16.325","249.04166667","85.08333333","810.07083333","18.25416667","7.98888889","1.7125"
"ESTACION SAN ANTONIO MONITOREO CONTINUO","2022-07-11","","595.99166667","0.8875","26.17272727","154.6875","0.81458333","6.00416667","13.9125","186.29166667","89.58333333","841.75652174","17.4625","7.95714286","1.5"
"ESTACION SAN ANTONIO MONITOREO CONTINUO","2022-07-10","","595.95416667","1.21666667","30.75833333","134.0625","0.375","12.74583333","21.9125","240.70833333","81.5","874.27916667","19.09166667","8.81111111",""
"ESTACION SAN ANTONIO MONITOREO CONTINUO","2022-07-09","","596.7","1.39583333","27.96190476","159.375","0.03333333","16.29166667","33.45416667","274.70833333","77.33333333","986.825","19.24583333","9.4",""
"ESTACION SAN ANTONIO MONITOREO CONTINUO","2022-07-08","","596.08333333","1.45833333","31.96956522","108.75","0.01041667","12.4875","25.04583333","207.29166667","81.66666667","906.9875","18.70416667","14.98461538",""
"ESTACION SAN ANTONIO MONITOREO CONTINUO","2022-07-07","","594.91666667","1.47083333","31.41666667","127.5","0.0","14.22916667","24.15","255.16666667","82.95833333","904.77083333","18.92083333","13.65882353",""
"ESTACION SAN ANTONIO MONITOREO CONTINUO","2022-07-06","","595.69166667","1.50416667","29.4375","120.9375","0.20083333","10.8875","20.01666667","262.29166667","85.33333333","843.70833333","18.26666667","13.74615385",""
"ESTACION SAN ANTONIO MONITOREO CONTINUO","2022-07-05","","596.29166667","1.375","28.77916667","118.125","0.04208333","8.35416667","16.10833333","233.58333333","84.66666667","792.35833333","18.25416667","4.03571429","5.84166667"
"ESTACION SAN ANTONIO MONITOREO CONTINUO","2022-07-04","","596.2","1.15416667","18.37619048","160.3125","0.16875","10.54166667","19.75","164.95833333","86.625","902.80833333","18.1375","9.26153846","4.2826087"
"ESTACION SAN ANTONIO MONITOREO CONTINUO","2022-07-03","","595.78333333","1.325","20.97619048","164.0625","0.19166667","12.45833333","21.11666667","258.04166667","84.29166667","952.29583333","18.84166667","8.28","5.81666667"
"ESTACION SAN ANTONIO MONITOREO CONTINUO","2022-07-02","","595.575","1.2625","25.56521739","116.25","0.26916667","13.47916667","22.15416667","218.54166667","88.20833333","888.72916667","18.175","10.17333333","7.70416667"
"ESTACION SAN ANTONIO MONITOREO CONTINUO","2022-07-01","","595.49583333","0.85","27.6125","153.75","0.47583333","11.75217391","20.1173913","203.0","88.75","785.875","17.80833333","9.24444444","7.975"
"ESTACION SAN ANTONIO MONITOREO CONTINUO","2022-06-30","","595.9","0.7125","26.9125","163.125","0.29625","7.5375","14.68333333","163.125","90.91666667","767.55","17.18333333","7.35714286","9.30416667"
"ESTACION SAN ANTONIO MONITOREO CONTINUO","2022-06-29","","597.54166667","1.47916667","32.73333333","77.8125","0.63416667","6.25","12.60833333","257.45833333","87.375","656.87083333","17.6625","8.44545455","8.48333333"
"ESTACION SAN ANTONIO MONITOREO CONTINUO","2022-06-28","","598.17619048","0.91428571","28.80454545","144.64285714","0.68904762","4.1","10.40869565","170.52380952","89.19047619","654.38636364","17.2375","12.2875","5.37391304"
"ESTACION SAN ANTONIO MONITOREO CONTINUO","2022-06-27","","597.76666667","0.74166667","23.50416667","163.125","0.75125","8.97083333","16.04166667","143.54166667","92.83333333","640.29166667","16.4625","9.62916667","3.40869565"
"ESTACION SAN ANTONIO MONITOREO CONTINUO","2022-06-26","","597.675","0.7","23.76666667","213.75","0.85416667","7.95833333","14.64583333","145.20833333","95.04166667","678.53333333","16.0125","12.42083333","3.41818182"
"ESTACION SAN ANTONIO MONITOREO CONTINUO","2022-06-25","","596.5375","1.35416667","31.70416667","140.625","1.3375","10.54166667","17.16666667","216.95833333","87.75","758.59166667","17.65833333","13.79166667","3.1952381"
"ESTACION SAN ANTONIO MONITOREO CONTINUO","2022-06-24","","595.91666667","1.33333333","36.52083333","109.6875","0.07416667","9.09166667","16.47083333","214.70833333","86.95833333","634.6875","17.72916667","11.86666667","3.36956522"
"ESTACION SAN ANTONIO MONITOREO CONTINUO","2022-06-23","","594.50833333","1.525","30.25","107.8125","0.05291667","8.79583333","17.5875","269.58333333","85.125","625.25","18.475","12.87083333","3.2875"
"ESTACION SAN ANTONIO MONITOREO CONTINUO","2022-06-22","","594.95","1.5875","29.79166667","116.25","0.3175","8.7875","16.32083333","269.08333333","85.58333333","690.00416667","18.41666667","13.44583333","3.56363636"
"ESTACION SAN ANTONIO MONITOREO CONTINUO","2022-06-21","","596.375","1.15","22.0125","123.75","0.25375","7.74166667","16.77083333","186.20833333","86.95833333","691.775","17.53333333","14.39583333","3.67619048"
"ESTACION SAN ANTONIO MONITOREO CONTINUO","2022-06-20","","596.9","1.3","28.42083333","147.1875","0.0425","9.52916667","16.5875","240.91666667","87.66666667","507.10833333","17.6875","6.97083333","3.23043478"
"ESTACION SAN ANTONIO MONITOREO CONTINUO","2022-06-19","","597.12916667","1.07083333","28.73913043","134.0625","0.17083333","10.175","17.61666667","177.875","90.79166667","524.3375","16.95","6.11578947","3.41578947"
"ESTACION SAN ANTONIO MONITOREO CONTINUO","2022-06-18","","596.31666667","0.80416667","19.04166667","151.875","0.4875","8.97916667","17.99583333","147.04166667","89.125","699.68333333","17.21666667","13.10416667","3.77142857"
"ESTACION SAN ANTONIO MONITOREO CONTINUO","2022-06-17","","596.3625","0.99166667","22.1125","158.4375","0.0","7.99166667","15.7125","160.08333333","89.08333333","698.50833333","17.375","14.0826087","3.47142857"
"ESTACION SAN ANTONIO MONITOREO CONTINUO","2022-06-16","","596.4","1.41666667","20.58181818","113.4375","0.20125","8.93636364","17.42272727","257.375","84.04166667","683.91818182","18.25833333","17.83","4.17368421"
"ESTACION SAN ANTONIO MONITOREO CONTINUO","2022-06-15","","596.10416667","1.15416667","21.34166667","115.3125","0.20041667","12.875","21.95","208.66666667","87.66666667","628.42083333","18.1375","10.17083333","3.8047619"
"ESTACION SAN ANTONIO MONITOREO CONTINUO","2022-06-14","","596.0375","0.6875","16.90434783","194.0625","0.19","7.09166667","15.88333333","148.0","91.08333333","687.11666667","17.29583333","11.10454545","3.72608696"
"ESTACION SAN ANTONIO MONITOREO CONTINUO","2022-06-13","","596.28333333","1.3625","17.18571429","99.375","0.60333333","4.175","9.84583333","216.66666667","90.0","742.88181818","17.6375","11.64117647","3.36315789"
"ESTACION SAN ANTONIO MONITOREO CONTINUO","2022-06-12","","596.69583333","1.79583333","20.28333333","92.8125","0.35416667","14.15","22.30833333","249.58333333","89.5","980.89166667","17.46666667","9.45","3.25"
"ESTACION SAN ANTONIO MONITOREO CONTINUO","2022-06-11","","596.1375","0.7625","19.78888889","165.0","0.20833333","8.63333333","16.525","133.33333333","88.58333333","1103.03333333","17.57916667","13.39166667","3.53809524"
"ESTACION SAN ANTONIO MONITOREO CONTINUO","2022-06-10","","595.8625","0.925","25.95","135.0","0.01041667","10.5125","20.87083333","242.45833333","87.95833333","836.75","17.82083333","14.69583333","3.49583333"
"ESTACION SAN ANTONIO MONITOREO CONTINUO","2022-06-09","","597.23333333","0.57916667","23.09583333","147.1875","0.61375","14.68333333","24.87916667","118.83333333","94.5","684.5125","16.1875","19.09583333","3.49047619"
"ESTACION SAN ANTONIO MONITOREO CONTINUO","2022-06-08","","597.5875","0.775","24.02272727","182.8125","0.12708333","11.08333333","21.80416667","182.83333333","89.25","673.20833333","15.97083333","17.5125","3.18333333"
"ESTACION SAN ANTONIO MONITOREO CONTINUO","2022-06-07","","597.6875","0.90416667","27.14","187.5","0.83625","7.3875","15.4875","91.625","92.58333333","665.6125","15.5375","17.42916667","3.27272727"
"ESTACION SAN ANTONIO MONITOREO CONTINUO","2022-06-06","","596.54166667","1.025","14.9","105.0","0.15875","8.375","18.80416667","235.95833333","88.41666667","677.075","16.96666667","13.85","3.27083333"
"ESTACION SAN ANTONIO MONITOREO CONTINUO","2022-06-05","","596.95833333","0.7375","33.22916667","165.9375","0.06333333","12.75416667","22.23333333","164.875","90.29166667","673.7375","16.72083333","13.28333333","3.48095238"
"ESTACION SAN ANTONIO MONITOREO CONTINUO","2022-06-04","","597.25416667","0.8","32.10833333","176.25","0.07375","13.74583333","25.62083333","189.16666667","91.83333333","712.42916667","16.24583333","17.3173913","3.4125"
"ESTACION SAN ANTONIO MONITOREO CONTINUO","2022-06-03","","597.9125","0.7125","39.37916667","137.8125","0.04166667","9.64583333","20.17083333","116.45833333","92.875","711.8","16.2875","17.92272727","3.66315789"
"ESTACION SAN ANTONIO MONITOREO CONTINUO","2022-06-02","","596.83333333","0.82916667","28.6875","169.6875","1.67208333","7.31666667","15.2","155.625","89.95833333","625.70416667","16.98333333","15.62857143","3.05652174"
"ESTACION SAN ANTONIO MONITOREO CONTINUO","2022-06-01","","595.89583333","0.92916667","21.8875","175.3125","0.51833333","9.90833333","18.64583333","239.375","85.79166667","834.35","17.88333333","14.82173913","3.13181818"
"ESTACION SAN ANTONIO MONITOREO CONTINUO","2022-05-31","","596.18333333","0.7375","14.58695652","173.4375","0.14166667","7.1173913","16.57826087","139.91666667","89.54166667","1057.56086957","17.27083333","15.305","3.49"
"ESTACION SAN ANTONIO MONITOREO CONTINUO","2022-05-30","","595.06666667","1.14166667","25.95","120.0","0.57916667","9.29583333","16.29583333","207.29166667","87.58333333","889.51666667","18.3375","6.89473684","3.05"
"ESTACION SAN ANTONIO MONITOREO CONTINUO","2022-05-29","","594.84583333","1.26666667","23.09583333","114.375","0.74166667","14.45","23.84166667","192.16666667","86.66666667","882.75","18.29583333","6.36956522","3.02608696"
"ESTACION SAN ANTONIO MONITOREO CONTINUO","2022-05-28","","594.925","1.36666667","24.22916667","155.625","0.04583333","11.3375","20.95","260.125","82.79166667","1052.5125","18.75","10.99166667","3.36818182"
"ESTACION SAN ANTONIO MONITOREO CONTINUO","2022-05-27","","596.05","1.4","28.55416667","111.5625","0.11625","10.8625","20.84166667","244.95833333","82.91666667","1008.42916667","18.76666667","14.97083333","3.465"
"ESTACION SAN ANTONIO MONITOREO CONTINUO","2022-05-26","","596.5375","1.42083333","22.825","105.0","0.01041667","8.68333333","18.6375","203.41666667","86.375","1019.8875","18.4","13.20833333","3.36666667"
"ESTACION SAN ANTONIO MONITOREO CONTINUO","2022-05-25","","595.93333333","1.30416667","33.14166667","105.0","0.08458333","9.05416667","19.70833333","178.0","84.29166667","965.20416667","18.35","14.54347826","3.75416667"
"ESTACION SAN ANTONIO MONITOREO CONTINUO","2022-05-24","","595.54583333","1.38333333","37.62083333","136.875","0.0","13.15833333","27.1125","232.25","84.95833333","938.125","18.125","14.8","3.85"
"ESTACION SAN ANTONIO MONITOREO CONTINUO","2022-05-23","","596.35833333","1.19166667","37.5625","177.1875","0.0","6.22916667","18.18333333","214.08333333","82.0","891.40416667","18.2125","11.20869565","3.68636364"
"ESTACION SAN ANTONIO MONITOREO CONTINUO","2022-05-22","","597.2625","1.22916667","27.275","173.4375","0.0","15.09166667","28.6375","273.25","82.79166667","1043.12916667","19.15","11.29583333","3.5"
"ESTACION SAN ANTONIO MONITOREO CONTINUO","2022-05-21","","598.39047619","0.94166667","25.26666667","127.5","0.0","12.02916667","22.95416667","139.70833333","86.16666667","1066.30833333","17.75833333","15.345","3.65"
"ESTACION SAN ANTONIO MONITOREO CONTINUO","2022-05-20","","597.90416667","1.12916667","22.0125","162.1875","0.01041667","7.97916667","17.59166667","181.125","86.83333333","918.36666667","17.9125","11.07916667","3.60909091"
"ESTACION SAN ANTONIO MONITOREO CONTINUO","2022-05-19","","597.25416667","1.04583333","20.65217391","127.5","0.14791667","11.95416667","23.14166667","189.0","88.20833333","957.925","17.775","10.15416667","4.07142857"
"ESTACION SAN ANTONIO MONITOREO CONTINUO","2022-05-18","","598.00454545","1.00833333","22.62916667","118.125","0.48666667","7.48333333","16.29583333","164.83333333","90.20833333","957.59166667","17.82083333","12.34545455","3.43478261"
"ESTACION SAN ANTONIO MONITOREO CONTINUO","2022-05-17","","597.04166667","0.975","22.50416667","133.125","1.15333333","6.63333333","13.8875","184.16666667","88.625","942.5125","18.8125","12.185","5.89166667"
"ESTACION SAN ANTONIO MONITOREO CONTINUO","2022-05-16","","596.00416667","0.78333333","18.84761905","157.5","0.01041667","10.55217391","21.03043478","185.33333333","87.45833333","962.43478261","18.9625","13.3","10.63684211"
"ESTACION SAN ANTONIO MONITOREO CONTINUO","2022-05-15","","595.175","1.325","23.94583333","139.6875","1.7375","12.32916667","21.47916667","297.0","85.08333333","946.87916667","19.51666667","7.77","15.99583333"
"ESTACION SAN ANTONIO MONITOREO CONTINUO","2022-05-14","","595.44583333","1.20833333","21.2625","131.25","0.095","12.2625","23.1625","240.29166667","87.375","1018.95","18.4625","14.13181818","16.92083333"
"ESTACION SAN ANTONIO MONITOREO CONTINUO","2022-05-13","","595.23333333","1.00416667","19.35","106.875","0.59291667","11.84583333","22.48333333","177.83333333","91.29166667","1003.93333333","18.12916667","14.22608696","16.175"
"ESTACION SAN ANTONIO MONITOREO CONTINUO","2022-05-12","","595.0875","1.05416667","23.95416667","97.5","0.11625","9.0375","19.3875","208.125","88.625","892.80416667","18.55416667","12.42727273","17.40833333"
"ESTACION SAN ANTONIO MONITOREO CONTINUO","2022-05-11","","596.02083333","0.71666667","18.5375","156.5625","0.51791667","9.99583333","19.1","155.5","90.29166667","990.44583333","17.51666667","16.74166667","17.54583333"
"ESTACION SAN ANTONIO MONITOREO CONTINUO","2022-05-10","","596.05416667","0.65","16.5375","205.3125","0.18","8.40416667","20.24166667","151.16666667","90.58333333","1011.31666667","17.59583333","16.93636364","16.7375"
"ESTACION SAN ANTONIO MONITOREO CONTINUO","2022-05-09","","595.46666667","1.19583333","17.97083333","218.4375","0.01041667","8.45833333","18.74166667","229.70833333","86.16666667","897.6875","18.50416667","9.10434783","16.29583333"
"ESTACION SAN ANTONIO MONITOREO CONTINUO","2022-05-08","","596.61666667","0.80416667","15.45","165.9375","0.0125","12.76666667","21.58333333","230.70833333","87.70833333","968.22083333","18.02083333","12.17083333","16.55416667"
"ESTACION SAN ANTONIO MONITOREO CONTINUO","2022-05-07","","598.0875","0.58333333","20.73333333","189.375","1.07291667","8.90416667","15.61666667","137.95833333","94.04166667","963.82916667","16.6125","16.5","15.95833333"
"ESTACION SAN ANTONIO MONITOREO CONTINUO","2022-05-06","","597.90833333","0.55","26.4","121.875","1.51291667","8.8","16.21666667","124.79166667","94.375","859.37083333","16.9875","13.46666667","15.84166667"
"ESTACION SAN ANTONIO MONITOREO CONTINUO","2022-05-05","","596.7","0.92916667","28.7375","122.8125","0.67666667","10.35","21.01666667","159.20833333","89.79166667","927.54166667","18.00416667","15.23043478","16.60416667"
"ESTACION SAN ANTONIO MONITOREO CONTINUO","2022-05-04","","594.87083333","1.26666667","","131.25","0.095","13.3","25.67916667","236.20833333","84.70833333","862.31666667","19.4375","12.2375","16.15833333"
"ESTACION SAN ANTONIO MONITOREO CONTINUO","2022-05-03","","595.2875","1.55416667","31.4173913","155.625","0.0","12.2125","24.35","308.08333333","80.04166667","892.59583333","19.57916667","13.07916667","15.78333333"
"ESTACION SAN ANTONIO MONITOREO CONTINUO","2022-05-02","","595.6375","1.375","28.20769231","134.0625","0.12666667","","","257.0","83.79166667","1093.4125","20.09375","21.48181818","13.98"
"ESTACION SAN ANTONIO MONITOREO CONTINUO","2022-05-01","","594.90833333","1.34583333","","122.8125","0.0","","","295.58333333","76.95833333","","","",""
"ESTACION SAN ANTONIO MONITOREO CONTINUO","2022-04-30","","593.61875","1.49375","","171.5625","0.0","","","262.75","78.25","","","",""
"ESTACION SAN ANTONIO MONITOREO CONTINUO","2022-04-29","","595.05263158","1.42631579","","105.39473684","0.02684211","","","274.73684211","83.52631579","","18.32222222","",""
"ESTACION SAN ANTONIO MONITOREO CONTINUO","2022-04-28","","595.5625","0.70833333","25.02916667","196.875","0.52958333","7.4","15.76666667","141.375","92.91666667","1006.58333333","17.35416667","15.28125","3.35"
"ESTACION SAN ANTONIO MONITOREO CONTINUO","2022-04-27","","595.42083333","0.75416667","29.10833333","185.625","0.87833333","8.17083333","15.89583333","204.08333333","90.5","973.375","17.74166667","15.97857143","2.125"
"ESTACION SAN ANTONIO MONITOREO CONTINUO","2022-04-26","","596.50416667","0.7875","33.0125","97.5","0.50791667","9.8375","21.09583333","195.5","87.33333333","956.43333333","17.26666667","10.23333333","3.05714286"
"ESTACION SAN ANTONIO MONITOREO CONTINUO","2022-04-25","","596.775","0.65416667","19.69166667","180.9375","0.04166667","6.69583333","18.12916667","127.16666667","92.41666667","1121.05416667","16.25","16.21428571","5.2375"
"ESTACION SAN ANTONIO MONITOREO CONTINUO","2022-04-24","","595.15833333","0.90833333","26.8375","95.625","0.24583333","12.73333333","23.0","144.91666667","90.875","913.04583333","17.08333333","18.24",""
"ESTACION SAN ANTONIO MONITOREO CONTINUO","2022-04-23","","596.26666667","1.0","33.55833333","115.3125","0.30666667","10.90416667","19.35","229.20833333","89.625","866.07083333","17.24583333","6.54736842",""
"ESTACION SAN ANTONIO MONITOREO CONTINUO","2022-04-22","","597.58333333","0.69166667","27.32083333","138.75","3.04791667","6.9375","12.74583333","148.20833333","93.66666667","855.23333333","16.375","9.97777778",""
"ESTACION SAN ANTONIO MONITOREO CONTINUO","2022-04-21","","597.73636364","0.8875","25.8","90.9375","1.29083333","5.77083333","11.95416667","131.5","94.29166667","784.10416667","16.5","9.28",""
"ESTACION SAN ANTONIO MONITOREO CONTINUO","2022-04-20","","598.09565217","0.6875","21.9625","165.9375","0.57166667","6.52916667","15.73333333","154.08333333","93.54166667","870.375","16.19583333","13.64705882",""
"ESTACION SAN ANTONIO MONITOREO CONTINUO","2022-04-19","","597.575","1.175","24.6826087","169.6875","0.87791667","4.86363636","11.45454545","155.41666667","92.70833333","923.87","16.00434783","9.2",""
"ESTACION SAN ANTONIO MONITOREO CONTINUO","2022-04-18","","596.54583333","0.74583333","18.01904762","165.0","0.19041667","10.00833333","20.72916667","108.45833333","95.16666667","1231.94166667","16.39583333","11.19166667",""
"ESTACION SAN ANTONIO MONITOREO CONTINUO","2022-04-17","","595.675","0.6375","20.16086957","194.0625","0.225","12.70833333","21.2625","149.79166667","93.16666667","1137.85416667","17.1875","8.185","3.39090909"
"ESTACION SAN ANTONIO MONITOREO CONTINUO","2022-04-16","","594.9375","0.725","22.80833333","182.8125","1.185","14.19166667","24.67916667","81.16666667","92.625","1120.37083333","17.02083333","8.51363636","2.8"
"ESTACION SAN ANTONIO MONITOREO CONTINUO","2022-04-15","","594.45416667","1.32083333","33.80416667","126.5625","0.0","19.4375","31.70833333","229.5","80.41666667","1078.79166667","19.19166667","7.79375","3.4"
"ESTACION SAN ANTONIO MONITOREO CONTINUO","2022-04-14","","594.35416667","1.37083333","34.68333333","151.875","0.0","27.8375","43.26666667","258.58333333","83.08333333","1159.26666667","18.85833333","10.31578947","3.3375"
"ESTACION SAN ANTONIO MONITOREO CONTINUO","2022-04-13","","594.1","1.2125","38.09583333","157.5","0.01041667","21.40416667","37.62916667","205.29166667","83.875","1215.86086957","18.59166667","16.85714286","3.9826087"
"ESTACION SAN ANTONIO MONITOREO CONTINUO","2022-04-12","","593.87083333","1.51666667","","124.6875","0.12666667","14.05416667","24.12916667","299.83333333","84.08333333","1070.00833333","19.43333333","","7.37916667"
"ESTACION SAN ANTONIO MONITOREO CONTINUO","2022-04-11","","594.57083333","1.43333333","42.50869565","109.6875","0.12708333","12.49583333","22.875","302.29166667","84.16666667","998.24583333","19.26666667","7.23","7.23333333"
"ESTACION SAN ANTONIO MONITOREO CONTINUO","2022-04-10","","595.14583333","1.05","40.85416667","122.8125","0.37916667","15.59166667","25.38333333","172.125","89.41666667","964.17083333","18.05833333","7.13","6.275"
"ESTACION SAN ANTONIO MONITOREO CONTINUO","2022-04-09","","595.15833333","1.18333333","31.4375","109.6875","0.07375","13.475","22.95833333","291.875","85.625","1086.90833333","19.1125","9.16363636","8.45416667"
"ESTACION SAN ANTONIO MONITOREO CONTINUO","2022-04-08","","595.5","1.37916667","26.85416667","109.6875","0.57125","8.04583333","15.66666667","256.83333333","87.79166667","1028.6625","18.39166667","10.31176471","5.68333333"
"ESTACION SAN ANTONIO MONITOREO CONTINUO","2022-04-07","","595.40833333","0.74166667","27.12083333","157.5","0.98375","9.11666667","18.37916667","157.75","89.75","1026.6","17.8875","10.14166667","5.39583333"
"ESTACION SAN ANTONIO MONITOREO CONTINUO","2022-04-06","","594.42916667","0.8625","35.775","166.875","0.20083333","9.7375","20.8125","245.875","85.66666667","880.55833333","18.72916667","11.20454545","8.20909091"
"ESTACION SAN ANTONIO MONITOREO CONTINUO","2022-04-05","","595.82916667","0.95416667","27.82173913","152.8125","0.44458333","8.38333333","17.65","214.79166667","85.16666667","940.3","17.69583333","21.83636364","2.98"
"ESTACION SAN ANTONIO MONITOREO CONTINUO","2022-04-04","","595.5125","0.88333333","30.925","184.6875","0.15833333","9.03333333","17.30416667","165.95833333","86.91666667","1027.82916667","17.72916667","26.26956522",""
"ESTACION SAN ANTONIO MONITOREO CONTINUO","2022-04-03","","594.94583333","0.75833333","29.85","117.39130435","0.0125","24.20833333","35.975","126.29166667","89.25","1075.34166667","18.01666667","28.24166667",""
"ESTACION SAN ANTONIO MONITOREO CONTINUO","2022-04-02","","595.93333333","1.36666667","29.1375","111.5625","0.03166667","17.875","29.125","285.41666667","87.41666667","1023.8125","18.31666667","30.89583333",""
"ESTACION SAN ANTONIO MONITOREO CONTINUO","2022-04-01","","596.075","0.72916667","20.60909091","157.5","0.98458333","","","216.58333333","89.29166667","1201.63333333","18.20833333","37.36956522",""
"ESTACION SAN ANTONIO MONITOREO CONTINUO","2022-03-31","","594.94166667","0.67083333","33.14375","147.27272727","0.22208333","8.8","17.86521739","170.5","88.41666667","897.10714286","17.75","33.9",""
"ESTACION SAN ANTONIO MONITOREO CONTINUO","2022-03-30","","595.51666667","","","","0.62416667","","12.58333333","188.125","89.83333333","786.575","16.22","",""
"ESTACION SAN ANTONIO MONITOREO CONTINUO","2022-03-29","","596.2","0.6875","","182.8125","0.87833333","8.59166667","18.20833333","178.08333333","88.0","887.09583333","17.10416667","",""
"ESTACION SAN ANTONIO MONITOREO CONTINUO","2022-03-28","","596.01666667","0.92083333","","63.28125","0.0425","13.13333333","24.5625","269.58333333","86.95833333","975.66666667","17.9","",""
"ESTACION SAN ANTONIO MONITOREO CONTINUO","2022-03-27","","595.73333333","0.50416667","32.8","160.3125","0.5125","13.2875","20.4125","124.04166667","92.20833333","873.45","16.95416667","",""
"ESTACION SAN ANTONIO MONITOREO CONTINUO","2022-03-26","","594.8625","0.74583333","34.49583333","105.9375","0.09458333","16.33333333","25.17916667","173.0","90.29166667","812.47083333","17.63333333","",""
"ESTACION SAN ANTONIO MONITOREO CONTINUO","2022-03-25","","595.0125","0.8","27.62916667","87.1875","0.3175","17.47916667","28.78333333","133.20833333","88.5","877.625","17.51666667","2.75",""
"ESTACION SAN ANTONIO MONITOREO CONTINUO","2022-03-24","","595.1125","0.83333333","32.52083333","114.375","0.02125","22.24166667","33.70833333","216.29166667","86.04166667","914.51666667","17.83333333","3.28181818",""
"ESTACION SAN ANTONIO MONITOREO CONTINUO","2022-03-23","","595.14166667","0.74583333","32.74583333","90.9375","0.10625","16.9875","27.47916667","161.58333333","88.95833333","888.45833333","17.58333333","5.97272727",""
"ESTACION SAN ANTONIO MONITOREO CONTINUO","2022-03-22","","594.23684211","0.87368421","36.33181818","164.60526316","0.41368421","17.30909091","27.42272727","152.84210526","87.47368421","811.63181818","17.83181818","16.78333333",""
"ESTACION SAN ANTONIO MONITOREO CONTINUO","2022-03-21","","594.39166667","0.84166667","32.26666667","94.6875","0.10541667","13.69166667","21.35416667","154.66666667","86.75","794.56666667","18.05833333","10.04782609",""
"ESTACION SAN ANTONIO MONITOREO CONTINUO","2022-03-20","","595.12083333","0.76666667","34.64166667","91.875","0.0","13.57083333","21.3625","166.875","83.95833333","768.34583333","17.95","5.3625",""
"ESTACION SAN ANTONIO MONITOREO CONTINUO","2022-03-19","","594.75833333","0.975","32.3625","60.9375","0.40208333","24.64583333","35.65","165.16666667","84.375","813.44166667","18.525","8.27083333",""
"ESTACION SAN ANTONIO MONITOREO CONTINUO","2022-03-18","","","1.44166667","36.5625","54.375","0.12666667","26.50833333","39.45","196.08333333","80.16666667","834.64583333","18.3375","19.66083333",""
"ESTACION SAN ANTONIO MONITOREO CONTINUO","2022-03-17","","","","50.175","","0.11454545","14.0625","22.2875","71.18181818","91.63636364","749.14166667","18.125","19.89166667",""
"ESTACION SAN ANTONIO MONITOREO CONTINUO","2022-03-16","","595.0375","","49.775","","0.01041667","13.25416667","22.69166667","216.33333333","83.08333333","697.60416667","18.08333333","16.48333333",""
"ESTACION SAN ANTONIO MONITOREO CONTINUO","2022-03-15","","596.01666667","","34.92916667","","0.12625","10.62608696","19.94347826","220.33333333","87.25","622.475","17.375","",""
"ESTACION SAN ANTONIO MONITOREO CONTINUO","2022-03-14","","597.9","","42.25833333","","0.32043478","8.64166667","16.94583333","210.83333333","82.43478261","634.4625","16.675","",""
"ESTACION SAN ANTONIO MONITOREO CONTINUO","2022-03-13","","","","41.24583333","","0.0125","12.09583333","19.25","234.70833333","86.875","665.66666667","16.7625","",""
"ESTACION SAN ANTONIO MONITOREO CONTINUO","2022-03-12","","","","52.72916667","","1.13208333","9.47083333","17.35833333","200.0","86.54166667","605.77916667","16.35416667","",""
"ESTACION SAN ANTONIO MONITOREO CONTINUO","2022-03-11","","","","46.325","","0.33833333","13.46666667","24.88333333","179.125","83.20833333","645.86666667","17.19583333","",""
"ESTACION SAN ANTONIO MONITOREO CONTINUO","2022-03-10","","","","44.4875","","0.0","11.1","21.75","181.58333333","86.08333333","645.075","17.03333333","",""
"ESTACION SAN ANTONIO MONITOREO CONTINUO","2022-03-09","","","","34.79583333","","0.14833333","12.175","23.93333333","160.25","85.25","606.64166667","16.21666667","0.5",""
"ESTACION SAN ANTONIO MONITOREO CONTINUO","2022-03-08","","","0.14545455","26.61428571","165.68181818","0.04391304","12.87916667","24.525","121.04347826","86.13043478","885.84761905","15.3125","16.78888889",""
"ESTACION SAN ANTONIO MONITOREO CONTINUO","2022-03-07","","","0.56666667","31.325","133.04347826","0.04166667","6.76666667","15.60416667","129.83333333","86.95833333","1300.52916667","15.77916667","14.58333333",""
"ESTACION SAN ANTONIO MONITOREO CONTINUO","2022-03-06","","","0.675","19.24583333","225.0","0.02083333","6.95416667","14.0","72.75","91.20833333","1299.91666667","15.425","12.62083333","4.11428571"
"ESTACION SAN ANTONIO MONITOREO CONTINUO","2022-03-05","","","0.20833333","29.33333333","174.375","0.02083333","12.00416667","21.375","78.125","89.91666667","1411.65","16.25416667","18.4375","2.495"
"ESTACION SAN ANTONIO MONITOREO CONTINUO","2022-03-04","","","0.42083333","32.07916667","137.8125","0.02083333","11.36666667","22.86666667","98.41666667","87.625","1300.325","16.77083333","18.27916667","2.62222222"
"ESTACION SAN ANTONIO MONITOREO CONTINUO","2022-03-03","","","0.7625","31.8","144.375","0.05208333","7.82916667","17.09583333","208.41666667","83.16666667","1208.325","17.4","12.54166667","2.22380952"
"ESTACION SAN ANTONIO MONITOREO CONTINUO","2022-03-02","","","0.38333333","27.42083333","151.875","0.11458333","8.9","19.6875","84.54166667","88.29166667","1255.19583333","16.28333333","24.51052632","3.17"
"ESTACION SAN ANTONIO MONITOREO CONTINUO","2022-03-01","","","0.65","35.775","107.8125","0.07291667","6.16666667","14.1875","164.29166667","85.04166667","1168.45","17.4125","17.06315789","1.25"
"ESTACION SAN ANTONIO MONITOREO CONTINUO","2022-02-28","","","0.50416667","35.38","105.0","0.025","","","91.5","87.75","1188.02857143","15.76502529","19.0","2.08"
"ESTACION SAN ANTONIO MONITOREO CONTINUO","2022-02-27","","","0.60416667","57.74583333","99.375","0.0","21.805","72.38","133.95833333","84.58333333","1117.28333333","16.69","11.62916667","2.12777778"
"ESTACION SAN ANTONIO MONITOREO CONTINUO","2022-02-26","","","0.63333333","54.06666667","70.3125","0.01041667","45.33333333","161.27916667","93.95833333","85.83333333","1196.8625","16.27916667","18.52083333","2.17894737"
"ESTACION SAN ANTONIO MONITOREO CONTINUO","2022-02-25","","","0.95","60.7875","104.0625","0.01041667","47.61666667","128.42777778","184.58333333","80.33333333","1093.36666667","17.2952381","16.13","2.15238095"
"ESTACION SAN ANTONIO MONITOREO CONTINUO","2022-02-24","","","0.67083333","54.26666667","95.625","0.04166667","41.52916667","93.35","148.375","81.83333333","1062.10416667","17.31666667","14.31818182","2.48571429"
"ESTACION SAN ANTONIO MONITOREO CONTINUO","2022-02-23","","","0.70416667","45.25833333","108.75","0.07291667","32.12380952","79.63809524","201.375","81.75","1031.14583333","17.38333333","16.42","2.48095238"
"ESTACION SAN ANTONIO MONITOREO CONTINUO","2022-02-22","","","0.675","37.81818182","84.375","0.16791667","24.21111111","57.93888889","190.125","84.04166667","910.28695652","17.0125","19.03636364","3.25238095"
"ESTACION SAN ANTONIO MONITOREO CONTINUO","2022-02-21","","","0.72916667","37.54166667","139.6875","0.06291667","15.925","35.67916667","174.75","85.91666667","734.46666667","15.7875","17.56521739","2.03636364"
"ESTACION SAN ANTONIO MONITOREO CONTINUO","2022-02-20","","","0.49583333","44.2","117.1875","0.01041667","","","115.04166667","88.375","600.27142857","15.60833333","17.33076923","1.35"
"ESTACION SAN ANTONIO MONITOREO CONTINUO","2022-02-19","","","0.7125","10.7","132.1875","0.0","","","142.875","86.375","987.43333333","15.92916667","16.03333333","2.05"
"ESTACION SAN ANTONIO MONITOREO CONTINUO","2022-02-18","","","0.55833333","34.10416667","142.5","0.0","18.08333333","35.94166667","55.0","90.5","1078.4125","15.725","21.90869565","1.94210526"
"ESTACION SAN ANTONIO MONITOREO CONTINUO","2022-02-17","","","0.87083333","47.55833333","77.8125","0.0","24.79166667","43.8","189.79166667","83.16666667","1026.40833333","17.5125","17.15","2.02631579"
"ESTACION SAN ANTONIO MONITOREO CONTINUO","2022-02-16","","","0.92916667","37.4","107.8125","0.0","21.28333333","40.94166667","207.625","82.33333333","1040.67083333","17.42916667","16.17727273","2.02857143"
"ESTACION SAN ANTONIO MONITOREO CONTINUO","2022-02-15","","","0.56666667","23.275","120.9375","0.01041667","21.6625","44.2625","105.79166667","87.20833333","1083.24166667","16.24583333","19.15","2.21578947"
"ESTACION SAN ANTONIO MONITOREO CONTINUO","2022-02-14","","","0.54166667","36.34583333","153.75","0.0","21.09583333","42.4","107.5","85.70833333","937.93333333","16.84583333","21.87777778","1.77272727"
"ESTACION SAN ANTONIO MONITOREO CONTINUO","2022-02-13","","","0.72083333","49.00526316","77.8125","0.0","20.00833333","38.80833333","123.75","82.16666667","904.3625","17.64166667","12.71666667",""
"ESTACION SAN ANTONIO MONITOREO CONTINUO","2022-02-12","","","0.70833333","5.8","121.875","0.0","24.325","47.1","195.83333333","81.16666667","946.24166667","17.34166667","16.21666667",""
"ESTACION SAN ANTONIO MONITOREO CONTINUO","2022-02-11","","","0.83333333","34.58421053","135.9375","0.01041667","","","245.875","81.875","1125.66923077","17.275","17.5375",""
"ESTACION SAN ANTONIO MONITOREO CONTINUO","2022-02-10","","","0.76666667","38.6625","127.5","0.0","","","183.58333333","83.91666667","1060.7125","17.1375","18.02631579",""
"ESTACION SAN ANTONIO MONITOREO CONTINUO","2022-02-09","","","0.5625","20.75333333","178.125","0.01041667","15.175","37.45416667","126.08333333","86.08333333","1017.4125","15.65833333","20.67083333","1.38"
"ESTACION SAN ANTONIO MONITOREO CONTINUO","2022-02-08","","","0.32916667","28.88823529","154.6875","0.0","15.37916667","32.4375","86.16666667","89.29166667","887.225","15.75416667","14.36666667","1.675"
"ESTACION SAN ANTONIO MONITOREO CONTINUO","2022-02-07","","","0.79583333","37.45714286","90.9375","0.0","15.0625","30.15833333","114.54166667","85.45833333","671.2","16.3875","12.95416667","1.55"
"ESTACION SAN ANTONIO MONITOREO CONTINUO","2022-02-06","","","0.4625","26.22","150.9375","0.02291667","23.38333333","41.62916667","123.66666667","85.16666667","782.59166667","15.98333333","17.275","1.7"
"ESTACION SAN ANTONIO MONITOREO CONTINUO","2022-02-05","","","0.69166667","49.01666667","131.25","0.08375","27.58333333","44.03333333","101.70833333","87.33333333","604.95416667","15.3375","15.79583333","1.2"
"ESTACION SAN ANTONIO MONITOREO CONTINUO","2022-02-04","","","0.78333333","45.66428571","109.6875","0.095","29.71666667","47.06666667","119.91666667","85.33333333","605.69583333","17.08333333","15.63333333","1.33333333"
"ESTACION SAN ANTONIO MONITOREO CONTINUO","2022-02-03","","","0.99583333","","135.0","0.0","33.0875","57.31666667","199.16666667","80.625","598.8625","17.85416667","15.44583333",""
"ESTACION SAN ANTONIO MONITOREO CONTINUO","2022-02-02","","","0.90833333","39.16666667","124.6875","0.0","25.37083333","46.475","175.20833333","81.125","417.61904762","16.96666667","16.46666667","1.33"
"ESTACION SAN ANTONIO MONITOREO CONTINUO","2022-02-01","","","0.875","31.965","103.125","0.0","27.275","49.20833333","217.79166667","79.91666667","241.35","16.4625","14.49090909","1.5"
"ESTACION SAN ANTONIO MONITOREO CONTINUO","2022-01-31","","","0.95","26.96","153.75","0.0","","","225.45833333","79.04166667","","15.9125","",""
"ESTACION SAN ANTONIO MONITOREO CONTINUO","2022-01-30","","","0.92916667","","117.1875","0.0","","","245.125","77.91666667","","15.94166667","",""
"ESTACION SAN ANTONIO MONITOREO CONTINUO","2022-01-29","","","0.95","9.28","144.375","0.0","25.68","41.86","243.54166667","79.79166667","609.975","16.14166667","","1.6"
"ESTACION SAN ANTONIO MONITOREO CONTINUO","2022-01-28","","","0.875","41.69090909","118.125","0.0","24.59166667","43.4125","258.125","78.58333333","745.49166667","17.67916667","","2.225"
"ESTACION SAN ANTONIO MONITOREO CONTINUO","2022-01-27","","","0.75","32.05416667","113.4375","0.01041667","19.59583333","36.075","162.5","83.33333333","721.26666667","16.30416667","","2.275"
"ESTACION SAN ANTONIO MONITOREO CONTINUO","2022-01-26","","","0.7125","33.57391304","143.4375","0.0","19.8125","36.42916667","148.45833333","84.0","654.07083333","16.775","","2.65"
"ESTACION SAN ANTONIO MONITOREO CONTINUO","2022-01-25","","","0.9125","31.67619048","165.0","0.0","19.46363636","35.18636364","110.29166667","83.625","890.70909091","17.11666667","","2.14545455"
"ESTACION SAN ANTONIO MONITOREO CONTINUO","2022-01-24","","","1.04166667","37.75","113.4375","0.0","18.29166667","30.5375","163.5","83.54166667","1482.14166667","17.55416667","13.07777778","2.475"
"ESTACION SAN ANTONIO MONITOREO CONTINUO","2022-01-23","","","0.7625","29.47083333","136.875","0.0","21.1125","35.95416667","214.75","81.58333333","1532.63333333","17.80833333","14.22916667","2.52083333"
"ESTACION SAN ANTONIO MONITOREO CONTINUO","2022-01-22","","","0.60416667","33.97916667","75.9375","0.0","20.21666667","33.54583333","107.66666667","84.0","1495.00833333","17.6625","17.04782609","2.73333333"
"ESTACION SAN ANTONIO MONITOREO CONTINUO","2022-01-21","","","0.90833333","31.61304348","113.4375","0.0","20.05909091","31.87727273","211.54166667","80.54166667","1439.1","17.73333333","14.6","2.25714286"
"ESTACION SAN ANTONIO MONITOREO CONTINUO","2022-01-20","","","1.0125","23.90869565","165.9375","0.0","18.9125","33.86666667","222.20833333","79.41666667","1491.75","17.6375","15.65","2.48333333"
"ESTACION SAN ANTONIO MONITOREO CONTINUO","2022-01-19","","","1.07916667","34.73333333","121.875","0.0","17.62916667","29.71666667","255.16666667","80.375","1418.04166667","18.05","15.94166667","2.25"
"ESTACION SAN ANTONIO MONITOREO CONTINUO","2022-01-18","","","0.5375","34.44583333","109.6875","0.0","18.34166667","29.7625","85.95833333","87.0","1343.5625","16.32083333","16.13333333","2.125"
"ESTACION SAN ANTONIO MONITOREO CONTINUO","2022-01-17","","","0.82916667","","142.5","0.01041667","19.71666667","31.95416667","191.45833333","83.16666667","1335.6625","17.34583333","",""
"ESTACION SAN ANTONIO MONITOREO CONTINUO","2022-01-16","","","0.96666667","30.08695652","189.375","0.0","28.94166667","44.94166667","","81.04166667","1363.66666667","17.1375","16.10416667","2.42916667"
"ESTACION SAN ANTONIO MONITOREO CONTINUO","2022-01-15","","","","32.16818182","","","18.38695652","31.38695652","","","1141.75","16.16086957","14.95","2.42916667"
"ESTACION SAN ANTONIO MONITOREO CONTINUO","2022-01-14","","","","34.27142857","","","8.87083333","17.64166667","","","908.92142857","16.16666667","10.89285714","2.16923077"
"ESTACION SAN ANTONIO MONITOREO CONTINUO","2022-01-13","","","","30.71818182","","","9.9375","18.47083333","","","1062.98181818","16.26666667","",""
"ESTACION SAN ANTONIO MONITOREO CONTINUO","2022-01-12","","","","27.17916667","","","11.79166667","20.78333333","","","1047.00416667","16.15","15.225","2.3375"
"ESTACION SAN ANTONIO MONITOREO CONTINUO","2022-01-11","","","","28.03333333","","","13.40869565","22.03043478","","","886.575","15.525","20.77272727","2.275"
"ESTACION SAN ANTONIO MONITOREO CONTINUO","2022-01-10","","","","32.8","","","13.275","20.1125","","","807.93846154","15.9875","14.5","2.75384615"
"ESTACION SAN ANTONIO MONITOREO CONTINUO","2022-01-09","","","0.77083333","37.43333333","110.625","0.01125","16.97083333","25.76666667","132.56666667","84.19583333","886.7625","16.9875","19.20416667","4.56285714"
"ESTACION SAN ANTONIO MONITOREO CONTINUO","2022-01-08","","","0.73636364","27.93157895","114.54545455","0.0","17.7","29.755","150.77272727","84.96363636","983.18","16.6","26.58333333","3.51764706"
"ESTACION SAN ANTONIO MONITOREO CONTINUO","2022-01-07","","","0.43846154","21.48","136.73076923","0.0","11.35","21.8625","98.84615385","87.06153846","936.99","15.72916667","34.11","2.753"
"ESTACION SAN ANTONIO MONITOREO CONTINUO","2022-01-06","","","0.2","35.23125","129.375","0.0","14.5625","22.82083333","21.975","90.2","923.65625","15.92083333","12.5125","2.676875"
"ESTACION SAN ANTONIO MONITOREO CONTINUO","2022-01-05","","","0.95833333","37.8625","150.9375","0.0","15.275","24.4125","192.63636364","82.44583333","1014.50416667","16.44583333","12.69583333","2.14"
"ESTACION SAN ANTONIO MONITOREO CONTINUO","2022-01-04","","","0.76666667","29.69583333","112.5","0.0","13.7125","23.5875","7.225","84.48888889","1048.1375","16.725","13.55416667","1.945"
"ESTACION SAN ANTONIO MONITOREO CONTINUO","2022-01-03","","","0.2","23.5","67.5","0.0","13.15","22.60416667","0.0","91.0","1110.15","17.3875","15.64583333","2.2475"
"ESTACION SAN ANTONIO MONITOREO CONTINUO","2022-01-02","","","0.60416667","26.65","165.9375","0.0","10.23333333","17.54583333","142.44166667","84.4625","998.79583333","17.66666667","10.5","1.94375"
"ESTACION SAN ANTONIO MONITOREO CONTINUO","2022-01-01","","","0.7375","31.45","111.5625","0.0","15.94583333","22.95833333","65.275","86.79583333","953.9375","17.4375","7.59583333","1.82416667"
